"Reference"," Quantity"," Value"," Footprint"," Datasheet"," LCSC"
"C1 C2 C8 C9 C14 C15 C20 C23 C24 C25 ",10,"0.1µF","Capacitor_SMD:C_0603_1608Metric_Pad1.05x0.95mm_HandSolder","~","C14858"
"C16 C17 C18 ",3,"10µF","Capacitor_SMD:C_0603_1608Metric_Pad1.05x0.95mm_HandSolder","~","C19702"
"C3 C4 C5 C10 C11 C12 C13 C19 C21 C22 ",10,"1µF","Capacitor_SMD:C_0603_1608Metric_Pad1.05x0.95mm_HandSolder","~","C15849"
"C6 C7 ",2,"22pF","Capacitor_SMD:C_0603_1608Metric_Pad1.05x0.95mm_HandSolder","~","C1653"
"D2 ",1,"LED","LED_SMD:LED_0603_1608Metric_Pad1.05x0.95mm_HandSolder","~","C72041"
"D1 D3 D4 ",3,"B5819W","Diode_SMD:D_SOD-123","https://datasheet.lcsc.com/szlcsc/Changjiang-Electronics-Tech-CJ-B5819W_C8598.pdf"," C8598"
"J2 ",1,"Thermistor","Resistor_SMD:R_0603_1608Metric_Pad1.05x0.95mm_HandSolder","https://datasheet.lcsc.com/szlcsc/TDK-NTCG163JF103FT1_C76589.pdf","C76589"
"J3 ",1,"USB_B_Micro","Connector_USB:USB_Micro-B_Molex-105017-0001","https://datasheet.lcsc.com/szlcsc/2002271812_XKB-Connectivity-U254-051T-4BH23-S2B_C319164.pdf","C319164"
"L1 ",1,"3.3u","Inductor_SMD:L_Bourns_SRP7028A_7.3x6.6mm","https://datasheet.lcsc.com/szlcsc/1811091611_Sunltech-Tech-SLO0630H6R8MTT_C207841.pdf","C207841"
"Q1 Q2 Q7 Q8 ",4,"2N7002","Package_TO_SOT_SMD:SOT-23","https://www.fairchildsemi.com/datasheets/2N/2N7002.pdf","C8545"
"Q3 Q4 ",2,"S8050","Package_TO_SOT_SMD:SOT-23_Handsoldering","https://datasheet.lcsc.com/szlcsc/1811131731_Shikues-S8050_C111272.pdf","C2146"
"Q5 Q6 Q9 ",3,"AO3401A","Package_TO_SOT_SMD:SOT-23_Handsoldering","http://www.aosmd.com/pdfs/datasheet/AO3401A.pdf","C15127"
"R1 R5 R10 R22 ",4,"1k","Resistor_SMD:R_0603_1608Metric_Pad1.05x0.95mm_HandSolder","~","C21190"
"R15 R17 ",2,"22k","Resistor_SMD:R_0603_1608Metric_Pad1.05x0.95mm_HandSolder","~","C31850"
"R2 ",1,"100","Resistor_SMD:R_0603_1608Metric_Pad1.05x0.95mm_HandSolder","~","C22775"
"R21 ",1,"330","Resistor_SMD:R_0603_1608Metric_Pad1.05x0.95mm_HandSolder","~","C23138"
"R3 R8 R9 R11 R12 R18 R20 ",7,"10k","Resistor_SMD:R_0603_1608Metric_Pad1.05x0.95mm_HandSolder","~","C25804"
"R4 R6 R16 ",3,"180k","Resistor_SMD:R_0603_1608Metric_Pad1.05x0.95mm_HandSolder","~","C22827"
"R7 R13 R14 R19 ",4,"1M","Resistor_SMD:R_0603_1608Metric_Pad1.05x0.95mm_HandSolder","~","C22935"
"U1 ",1,"AP9101CK6-ADTRG1","Package_TO_SOT_SMD:SOT-23-6_Handsoldering","https://www.diodes.com/assets/Datasheets/AP9101C.pdf","C151339"
"U10 ",1,"FP6291LR","Package_TO_SOT_SMD:SOT-23-6_Handsoldering","www.feeling-tech.com.tw/km-master/ezcatfiles/cust/img/img/24/fp6291v064.pdf","C18701"
"U11 U12 ",2,"ME6210A33P","Package_TO_SOT_SMD:SOT-89-3_Handsoldering","https://datasheet.lcsc.com/szlcsc/1810201611_MICRONE-Nanjing-Micro-One-Elec-ME6210A33PG_C85233.pdf","C85233"
"U13 ",1,"ESP32-WROOM32","RF_Module:ESP32-WROOM-32","https://www.espressif.com/sites/default/files/documentation/esp32-wroom-32_datasheet_en.pdf","C82899"
"U2 ",1,"FS8205A","Package_SO:TSSOP-8_4.4x3mm_P0.65mm","https://www.ic-fortune.com/upload/Download/FS8205A-DS-12_EN.pdf","C16052"
"U3 ",1,"LC709203FQH","Package_DFN_QFN:WDFN-8-1EP_4x3mm_P0.65mm_EP2.4x1.8mm","https://www.onsemi.com/pub/Collateral/LC709203F-D.PDF","C152311"
"U4 ",1,"TP4056","Package_SO:SOP-8_3.9x4.9mm_P1.27mm","https://dlnmh9ip6v2uc.cloudfront.net/datasheets/Prototyping/TP4056.pdf","C16581"
"U5 ",1,"CH340G","Package_SO:SOP-16_4.55x10.3mm_P1.27mm","https://www.mpja.com/download/35227cpdata.pdf","C14267"
"U6 ",1,"AMS1117-3.3","Package_TO_SOT_SMD:SOT-223-3_TabPin2","http://www.advanced-monolithic.com/pdf/ds1117.pdf","C6186"
"U7 ",1,"PCF8563T","Package_SO:SOIC-8_3.9x4.9mm_P1.27mm","https://www.nxp.com/docs/en/data-sheet/PCF8563.pdf","C7440"
"U8 ",1,"XC6206P332MR","Package_TO_SOT_SMD:SOT-23_Handsoldering","https://www.torexsemi.com/file/xc6206/XC6206.pdf","C5446"
"U9 ",1,"TCA6408A","Package_SO:TSSOP-16_4.4x5mm_P0.65mm","https://www.ti.com/lit/ds/symlink/tca6408a.pdf?ts=1602171918658&ref_url=https%253A%252F%252Fwww.ti.com%252Fproduct%252FTCA6408A","C206177"
"Y1 ",1,"12MHZ","Crystal:Crystal_SMD_3225-4Pin_3.2x2.5mm_HandSoldering","https://datasheet.lcsc.com/szlcsc/Yangxing-Tech-X322512MSB4SI_C9002.pdf","C9002"
"Y2 ",1,"32.768KHz","Crystal:Crystal_SMD_3215-2Pin_3.2x1.5mm","1901081604_Seiko-Epson-Q13FC1350000400_C32346.pdf","C32346"
